Bulan,Kode MD,Kode Dealer AHM,Kode Dealer SAP,No. Mesin,No. Rangka,Kode Tipe AHM,Kode Tipe
1,R4Z,01858,5200022541,JM61E1126463,JM6112LK138354,LD0,LD0
1,R4Z,01858,5200022541,JM61E1128750,JM6110LK129071,LD0,LD0
1,R4Z,01858,5200022541,JM61E1129395,JM6112LK129394,LD0,LD0
1,R4Z,01858,5200022541,JM91E1288702,JM9114LK290539,LK0,LK0A
1,R4Z,01858,5200022541,JM91E1295308,JM9110LK294474,LK0,LK0A
1,R4Z,01858,5200022541,JM91E1298213,JM9115LK297418,LK0,LK0A
1,R4Z,01858,5200022541,KB11E1244261,KB1116LK244786,HDN,HDN
1,R4Z,01858,5200022541,KB22E1007332,KB2219LK007374,HJK,HJK
1,R4Z,01858,5200022541,KB22E1008213,KB2214LK008237,HJK,HJK
1,R4Z,01858,5200022541,KB22E1008751,KB2213LK008892,HJ9,HJ9
1,R4Z,01858,5200022541,KB22E1008800,KB2214LK008948,HJ9,HJ9
1,R4Z,01858,5200022541,KB22E1008845,KB2216LK008997,HJ9,HJ9
1,R4Z,01858,5200022541,KB22E1009760,KB2218LK009827,HJK,HJK
1,R4Z,01858,5200022541,KB22E1009765,KB221XLK009831,HJK,HJK
1,R4Z,01858,5200022541,KB22E1010169,KB2214LK010229,HJK,HJK
1,R4Z,01858,5200022541,KC92E1049384,KC9217LK051850,EXF,EXF
1,R4Z,01858,5200022541,KC93E1013569,KC9315LK012477,EYE,EYE
1,R4Z,01858,5200022541,KCA2E1084088,KCA210LK088546,EW2,EW2
1,R4Z,01858,5200022541,KF21E1322668,KF2112LK323642,HS1,HS1
1,R4Z,01858,5200022541,KF21E1326077,KF2116LK323675,HS1,HS1
1,R4Z,01858,5200022541,KF21E1431794,KF2115LK432211,HS2,HS2
1,R4Z,01858,5200022541,KF22E1153991,KF2211LK154101,HT1,HT1
1,R4Z,01858,5200022541,KF22E1159304,KF2211LK159251,HT2,HT2
1,R4Z,01858,5200022541,KF22E1166738,KF2219LK166657,HT2,HT2
1,R4Z,01858,5200022541,KF22E1193946,KF2217LK194022,HT2,HT2
2,R4Z,576,5200022542,JBK1E2006377,JBK129RK008796,GB4,GB4
2,R4Z,576,5200022542,JBK1E2045918,JBK125RK048292,GB4,GB4
2,R4Z,576,5200022542,JBN1E1241723,JBN112RK241671,GE5,GE5
2,R4Z,576,5200022542,JBP1E2067533,JBP122RK067301,GF5,GF5
2,R4Z,576,5200022542,JBP1E2068620,JBP122RK068528,GF5,GF5
2,R4Z,576,5200022542,JM03E1689951,JM031XRK690039,LN3,LN3A
2,R4Z,576,5200022542,JM03E1786154,JM0319RK788043,LNJ,LNJA
2,R4Z,576,5200022542,JM03E1788436,JM031XRK788309,LNJ,LNJA
2,R4Z,576,5200022542,JM03E1792307,JM0316RK792390,LN3,LN3A
2,R4Z,576,5200022542,JM03E1792632,JM0311RK792622,LN3,LN3A
2,R4Z,576,5200022542,JM04E1909455,JM0416RK910095,LPD,LPDA
2,R4Z,576,5200022542,JM04E1909559,JM0412RK909932,LPD,LPDA
2,R4Z,576,5200022542,JM04E1950878,JM0414RK951373,LPD,LPDA
2,R4Z,576,5200022542,JM04E1975161,JM0411RK975159,LP3,LP3A
2,R4Z,576,5200022542,JM04E2044385,JM042XRK044359,LP3,LP3A
2,R4Z,576,5200022542,JM04E2166792,JM0427RK168301,LPD,LPDA
2,R4Z,576,5200022542,JM04E2213692,JM0426RK214975,LPD,LPDA
2,R4Z,576,5200022542,JM04E2248262,JM0422RK248556,LP3,LP3A
2,R4Z,576,5200022542,JMA1E1134430,JMA115RK134813,LY1,LY1
2,R4Z,576,5200022542,JMA1E1163091,JMA111RK163290,LY1,LY1
2,R4Z,576,5200022542,JMB1E1160955,JMB113RK161062,LZ1,LZ1
2,R4Z,576,5200022542,JMB1E1163851,JMB117RK165292,LZ1,LZ1
2,R4Z,576,5200022542,JMB1E1168663,JMB116RK168961,LZ1,LZ1
2,R4Z,576,5200022542,JMB1E1170384,JMB114RK170644,LZ1,LZ1
2,R4Z,576,5200022542,JMB1E1172494,JMB118RK172476,LZ1,LZ1
2,R4Z,576,5200022542,JMC1E1479876,JMC111RK480787,MC1,MC1A
2,R4Z,576,5200022542,JMC1E1481095,JMC116RK481384,MC1,MC1A
2,R4Z,576,5200022542,JMC1E1481247,JMC113RK482198,MC1,MC1A
2,R4Z,576,5200022542,JMD1E1692068,JMD118RK692463,MD1,MD1A
2,R4Z,576,5200022542,JMD1E1697310,JMD112RK697710,MD1,MD1A
2,R4Z,576,5200022542,JMD1E1699702,JMD116RK700088,MD1,MD1A
2,R4Z,576,5200022542,JME1E1039539,JME116RK039457,MJ0,MJ0B
2,R4Z,576,5200022542,JME1E1112002,JME11XRK111938,MJ0,MJ0B
2,R4Z,576,5200022542,JME1E1119683,JME114RK119534,MJ0,MJ0B
2,R4Z,576,5200022542,JME1E1128329,JME117RK128406,MJ0,MJ0B
2,R4Z,576,5200022542,JMF1E1049762,JMF11XRK048961,MK0,MK0B
2,R4Z,576,5200022542,JMF1E1056499,JMF113RK056299,MK0,MK0B
2,R4Z,576,5200022542,JMF1E1056504,JMF115RK056305,MK0,MK0B
2,R4Z,576,5200022542,JMF1E1059452,JMF112RK059260,MK0,MK0B
2,R4Z,576,5200022542,JMF1E1059866,JMF110RK059662,MK0,MK0B
2,R4Z,576,5200022542,JMF2E1035526,JMF211RK035305,ML0,ML0B
2,R4Z,576,5200022542,JMF2E1046631,JMF214RK046427,ML0,ML0B
2,R4Z,576,5200022542,JMF2E1047194,JMF212RK046734,ML0,ML0B
2,R4Z,576,5200022542,JMF2E1047229,JMF215RK046761,ML0,ML0B
2,R4Z,576,5200022542,JMF2E1059018,JMF215RK058800,ML0,ML0B
2,R4Z,576,5200022542,JMF2E1067211,JMF215RK065312,ML0,ML0B
2,R4Z,576,5200022542,JMF2E1078715,JMF212RK078129,ML0,ML0B
2,R4Z,576,5200022542,JMF2E1079168,JMF213RK079189,ML0,ML0B
2,R4Z,576,5200022542,JMF2E1089259,JMF214RK086328,ML0,ML0B
2,R4Z,576,5200022542,JMF2E1092353,JMF214RK092341,ML0,ML0B
2,R4Z,576,5200022542,JMF2E1099272,JMF215RK099248,ML0,ML0B
2,R4Z,576,5200022542,JMF2E1099287,JMF213RK099264,ML0,ML0B
2,R4Z,576,5200022542,JMF2E1099319,JMF215RK099296,ML0,ML0B
2,R4Z,576,5200022542,JMF2E1104148,JMF214RK104195,ML0,ML0B
2,R4Z,576,5200022542,JMF2E1189499,JMF213RK190597,ML0,ML0B
2,R4Z,576,5200022542,JMG1E1025840,JMG116RK025733,MM0,MM0
2,R4Z,576,5200022542,JMG1E1063446,JMG119RK063408,MM0,MM0
2,R4Z,576,5200022542,JMG1E1064581,JMG114RK064515,MM0,MM0
2,R4Z,576,5200022542,JMG1E1077619,JMG119RK077518,MM0,MM0
2,R4Z,576,5200022542,JMG1E1114943,JMG116RK114900,MM0,MM0
2,R4Z,576,5200022542,KB11E1351564,KB1119RK352134,HDP,HDP
2,R4Z,576,5200022542,KB11E1352047,KB1113RK352579,HDN,HDN
2,R4Z,576,5200022542,KB22E1046150,KB2216RK046285,HJK,HJK
2,R4Z,576,5200022542,KB22E1046249,KB2219RK046331,HJ9,HJ9
2,R4Z,576,5200022542,KC01E1067808,KC0118RK067819,EH2,EH2
2,R4Z,576,5200022542,KC01E1067839,KC0110RK067829,EH2,EH2
2,R4Z,576,5200022542,KC01E1067846,KC0118RK067836,EH2,EH2
2,R4Z,576,5200022542,KC01E1067852,KC0113RK067842,EH2,EH2
2,R4Z,576,5200022542,KC01E1067914,KC0116RK067902,EH2,EH2
2,R4Z,576,5200022542,KC01E1067923,KC0119RK067912,EH2,EH2
2,R4Z,576,5200022542,KC01E1067927,KC0116RK067916,EH2,EH2
2,R4Z,576,5200022542,KC01E1067936,KC0117RK067925,EH2,EH2
2,R4Z,576,5200022542,KC01E1067937,KC0119RK067926,EH2,EH2
2,R4Z,576,5200022542,KC01E1067959,KC0114RK067946,EH2,EH2
2,R4Z,576,5200022542,KC01E1067962,KC011XRK067949,EH2,EH2
2,R4Z,576,5200022542,KC01E1067967,KC0111RK067953,EH2,EH2
2,R4Z,576,5200022542,KC01E1067969,KC0115RK067955,EH2,EH2
2,R4Z,576,5200022542,KC01E1067970,KC0117RK067956,EH2,EH2
2,R4Z,576,5200022542,KC01E1068281,KC0115RK068264,EH2,EH2
2,R4Z,576,5200022542,KC01E1068470,KC0111RK068469,EH2,EH2
2,R4Z,576,5200022542,KC01E1068492,KC0117RK068489,EH2,EH2
2,R4Z,576,5200022542,KC01E1068494,KC0115RK068491,EH2,EH2
2,R4Z,576,5200022542,KCC1E1013645,KCC119PK013704,JNT,JNT
2,R4Z,576,5200022542,KCD1E1020221,KCD110RK020288,JR0,JR0
2,R4Z,576,5200022542,KCD2E1046363,KCD213RK046494,JS0,JS0
2,R4Z,576,5200022542,KCD2E1046663,KCD219RK046712,JS0,JS0
2,R4Z,576,5200022542,KCE1E1018566,KCE112PK018495,JXA,JXA
2,R4Z,576,5200022542,KCE1E1020332,KCE112PK020506,JXA,JXA
2,R4Z,576,5200022542,KCE1E1022581,KCE118PK022664,JX0,JX0
2,R4Z,576,5200022542,KCE1E1022794,KCE116PK022873,JX0,JX0
2,R4Z,576,5200022542,KCE1E1022846,KCE115PK023027,JXA,JXA
2,R4Z,576,5200022542,KCE1E1023077,KCE117PK023238,JXA,JXA
2,R4Z,576,5200022542,KCE1E1025553,KCE115RK025766,JX0,JX0
2,R4Z,576,5200022542,KCE1E1025630,KCE113RK025832,JXA,JXA
2,R4Z,576,5200022542,KD11E1500770,KD1118RK501577,ESF,ESF
2,R4Z,576,5200022542,KD11E1505398,KD1111RK506202,ES6,ES6
2,R4Z,576,5200022542,KD11E1509307,KD1110RK510029,ESE,ESE
2,R4Z,576,5200022542,KD11E1512724,KD1111RK513506,ESE,ESE
2,R4Z,576,5200022542,KD11E1512777,KD111XRK513553,ESE,ESE
2,R4Z,576,5200022542,KD11E1519224,KD1116RK519933,ESE,ESE
2,R4Z,576,5200022542,KD11E1532455,KD1119RK533339,ESF,ESF
2,R4Z,576,5200022542,KD11E1536562,KD1114RK537279,ESE,ESE
2,R4Z,576,5200022542,KD11E1536955,KD1112RK538589,ESE,ESE
2,R4Z,576,5200022542,KF01E1708810,KF0110RK708999,LVE,LVEA
2,R4Z,576,5200022542,KF01E1709583,KF0118RK709611,LVE,LVEA
2,R4Z,576,5200022542,KF01E1710592,KF0117RK710085,LV1,LV1A
2,R4Z,576,5200022542,KF01E1734718,KF0119RK734677,LV1,LV1A
2,R4Z,576,5200022542,KF01E1738001,KF0117RK738257,LVE,LVEA
2,R4Z,576,5200022542,KF01E1740974,KF0110RK741033,LV1,LV1A
2,R4Z,576,5200022542,KF01E1743510,KF0116RK743353,LV1,LV1A
2,R4Z,576,5200022542,KF01E1743522,KF0116RK743322,LV1,LV1A
2,R4Z,576,5200022542,KF01E1746968,KF0115RK746986,LV1,LV1A
2,R4Z,576,5200022542,KF01E1747550,KF0110RK747625,LV1,LV1A
2,R4Z,576,5200022542,KF71E1959375,KF7115RK959266,LR1,LR1
2,R4Z,576,5200022542,KF71E1968571,KF7118RK969631,LR1,LR1
2,R4Z,576,5200022542,KF71E1968719,KF7118RK968608,LR1,LR1
2,R4Z,576,5200022542,KF81E1400999,KF8112RK401316,LS1,LS1
2,R4Z,576,5200022542,KF81E1405790,KF8115RK405683,LS1,LS1
2,R4Z,576,5200022542,KFA1E1204899,KFA114RK205031,LW1,LW1A
2,R4Z,576,5200022542,KFA1E1253875,KFA117RK255339,LW1,LW1A
2,R4Z,576,5200022542,KFA1E1257371,KFA118RK257536,LW1,LW1A
2,R4Z,576,5200022542,KFB1E1082068,KFB11XRK082146,MA0,MA0
2,R4Z,576,5200022542,KFB1E1088544,KFB11XRK088528,MA0,MA0
2,R4Z,576,5200022542,KFB1E1089678,KFB11XRK089775,MA0,MA0
2,R4Z,576,5200022542,KFB1E1094575,KFB116RK094732,MA0,MA0
2,R4Z,576,5200022542,KFB2E1049218,KFB215RK049344,MB0,MB0
2,R4Z,576,5200022542,KFC1E1055469,KFC116RK055340,MF0,MF0
2,R4Z,576,5200022542,KFD1E1042634,KFD112RK042509,MG0,MG0
3,R4Z,1858,5200022541,JBK1E1746304,JBK110MK750293,GB3,GB3
3,R4Z,1858,5200022541,JBP1E1815605,JBP114MK815353,GF4,GF4
3,R4Z,1858,5200022541,JM01E1043514,JM0119LK043836,LN0,LN0
3,R4Z,1858,5200022541,JM01E1045294,JM0115LK044109,LN0,LN0
3,R4Z,1858,5200022541,JM01E1067455,JM0111MK070787,LNA,LNA
3,R4Z,1858,5200022541,JM01E1109499,JM0111MK110494,LN0,LN0
3,R4Z,1858,5200022541,JM01E1117065,JM0110MK118070,LN0,LN0
3,R4Z,1858,5200022541,JM02E1100343,JM021XMK100285,LPA,LPA
3,R4Z,1858,5200022541,JM41E1679883,JM4114MK680898,HY3,HY3A
3,R4Z,1858,5200022541,JM51E1733190,JM5114MK733377,HZ3,HZ3A
3,R4Z,1858,5200022541,JM51E1752037,JM5118MK752997,HZ3,HZ3A
3,R4Z,1858,5200022541,JM51E1762128,JM5112MK762618,HZ3,HZ3A
3,R4Z,1858,5200022541,JM71E1163181,JM7116MK163054,LE1,LE1
3,R4Z,1858,5200022541,JM71E1166408,JM7116MK166553,LE1,LE1
3,R4Z,1858,5200022541,JM71E1167829,JM7114MK167913,LE1,LE1
3,R4Z,1858,5200022541,JM71E1167978,JM7111MK168033,LE1,LE1
3,R4Z,1858,5200022541,JM71E1168037,JM7119MK168152,LE1,LE1
3,R4Z,1858,5200022541,JM71E1168522,JM7119MK168474,LE1,LE1
3,R4Z,1858,5200022541,JM81E1365984,JM8110MK363966,LH0,LH0A
3,R4Z,1858,5200022541,JM81E1405233,JM8111MK403228,LH0,LH0A
3,R4Z,1858,5200022541,JM81E1406419,JM8116MK406139,LH0,LH0A
3,R4Z,1858,5200022541,JM82E1172414,JM8217MK174844,LJ0,LJ0
3,R4Z,1858,5200022541,JM82E1184903,JM8210MK186799,LJ0,LJ0
3,R4Z,1858,5200022541,JM91E1427178,JM9119MK428027,LKA,LKAA
3,R4Z,1858,5200022541,JM91E1438204,JM911XMK438615,LKA,LKAA
3,R4Z,1858,5200022541,KB22E1007332,KB2219LK007374,HJK,HJK
3,R4Z,1858,5200022541,KB22E1008213,KB2214LK008237,HJK,HJK
3,R4Z,1858,5200022541,KB22E1008751,KB2213LK008892,HJ9,HJ9
3,R4Z,1858,5200022541,KB22E1008800,KB2214LK008948,HJ9,HJ9
3,R4Z,1858,5200022541,KB22E1008845,KB2216LK008997,HJ9,HJ9
3,R4Z,1858,5200022541,KB22E1009760,KB2218LK009827,HJK,HJK
3,R4Z,1858,5200022541,KB22E1009765,KB221XLK009831,HJK,HJK
3,R4Z,1858,5200022541,KB22E1010169,KB2214LK010229,HJK,HJK
3,R4Z,1858,5200022541,KC02E1120847,KC0215MK121410,EG1,EG1
3,R4Z,1858,5200022541,KC93E1013569,KC9315LK012477,EYE,EYE
3,R4Z,1858,5200022541,KCB1E1002237,KCB112MK002176,JMB,JMB
3,R4Z,1858,5200022541,KF41E2169161,KF4123MK165348,HWD,HWDA
3,R4Z,1858,5200022541,KF41E2181740,KF4123MK176530,HW4,HW4A
3,R4Z,1858,5200022541,KF41E2182242,KF412XMK178520,HW4,HW4A
3,R4Z,1858,5200022541,KF41E2182798,KF4127MK177387,HWD,HWDA
3,R4Z,1858,5200022541,KF41E2189058,KF4124MK184183,HW4,HW4A
3,R4Z,1858,5200022541,KF51E1060746,KF511XMK062084,LF1,LF1
3,R4Z,1858,5200022541,KF61E1032116,KF6111MK032199,LGC,LGC
3,R4Z,1858,5200022541,KF61E1033067,KF6113MK032589,LGC,LGC
3,R4Z,1858,5200022541,KF61E1033263,KF611XMK033318,LG1,LG1
4,R4Z,1858,5200022541,JBK1E1746304,JBK110MK750293,GB3,GB3
4,R4Z,1858,5200022541,JBK3E1359584,JBK318MK361155,GD3,GD3
4,R4Z,1858,5200022541,JM01E1114069,JM0118MK115093,LN0,LN0
4,R4Z,1858,5200022541,JM01E1114768,JM0117MK116946,LN0,LN0
4,R4Z,1858,5200022541,JM01E1117065,JM0110MK118070,LN0,LN0
4,R4Z,1858,5200022541,JM01E1121274,JM0113MK122744,LN0,LN0
4,R4Z,1858,5200022541,JM01E1122443,JM0119MK123672,LN0,LN0
4,R4Z,1858,5200022541,JM01E1137280,JM0113MK138443,LN0,LN0
4,R4Z,1858,5200022541,JM01E1142125,JM0116MK143782,LN0,LN0
4,R4Z,1858,5200022541,JM01E1145038,JM0110MK106727,LN0,LN0
4,R4Z,1858,5200022541,JM01E1145875,JM0112MK147022,LN0,LN0
4,R4Z,1858,5200022541,JM01E1148137,JM0114MK148415,LNA,LNA
4,R4Z,1858,5200022541,JM01E1149818,JM0115MK150903,LNA,LNA
4,R4Z,1858,5200022541,JM01E1150321,JM011XMK151626,LNA,LNA
4,R4Z,1858,5200022541,JM02E1142364,JM0211MK142411,LPA,LPA
4,R4Z,1858,5200022541,JM41E1678065,JM4115MK691506,HY3,HY3A
4,R4Z,1858,5200022541,JM41E1683018,JM4118MK683819,HY3,HY3A
4,R4Z,1858,5200022541,JM41E1688363,JM411XMK688858,HY3,HY3A
4,R4Z,1858,5200022541,JM41E1689323,JM4119MK690889,HY3,HY3A
4,R4Z,1858,5200022541,JM41E1689488,JM4117MK690860,HY3,HY3A
4,R4Z,1858,5200022541,JM41E1689543,JM4113MK689947,HY3,HY3A
4,R4Z,1858,5200022541,JM41E1690252,JM4117MK690762,HY3,HY3A
4,R4Z,1858,5200022541,JM41E1690971,JM4114MK692176,HY3,HY3A
4,R4Z,1858,5200022541,JM51E1768003,JM5118MK768634,HZ3,HZ3A
4,R4Z,1858,5200022541,JM51E1769282,JM5115MK769868,HZ3,HZ3A
4,R4Z,1858,5200022541,JM51E1781681,JM511XMK782096,HZ3,HZ3A
4,R4Z,1858,5200022541,JM51E1785134,JM5113MK785616,HZ3,HZ3A
4,R4Z,1858,5200022541,JM51E1787193,JM5116MK788297,HZ3,HZ3A
4,R4Z,1858,5200022541,JM61E1175991,JM6119MK176231,LD2,LD2
4,R4Z,1858,5200022541,JM61E1176056,JM6116MK176168,LD2,LD2
4,R4Z,1858,5200022541,JM71E1163181,JM7116MK163054,LE1,LE1
4,R4Z,1858,5200022541,JM71E1167829,JM7114MK167913,LE1,LE1
4,R4Z,1858,5200022541,JM71E1168522,JM7119MK168474,LE1,LE1
4,R4Z,1858,5200022541,JM81E1438777,JM8115MK436670,LH0,LH0A
4,R4Z,1858,5200022541,JM81E1453784,JM8113MK450860,LH0,LH0A
4,R4Z,1858,5200022541,JM81E1453787,JM8119MK450863,LH0,LH0A
4,R4Z,1858,5200022541,JM81E1454682,JM8113MK452916,LH0,LH0A
4,R4Z,1858,5200022541,JM81E1455339,JM8116MK455485,LH0,LH0A
4,R4Z,1858,5200022541,JM81E1459753,JM8111MK460755,LH0,LH0A
4,R4Z,1858,5200022541,JM81E1459771,JM8117MK457777,LH0,LH0A
4,R4Z,1858,5200022541,JM82E1196135,JM8212MK211525,LJ0,LJ0
4,R4Z,1858,5200022541,JM82E1197536,JM821XMK199446,LJ0,LJ0
4,R4Z,1858,5200022541,JM82E1197537,JM8211MK199447,LJ0,LJ0
4,R4Z,1858,5200022541,JM82E1200306,JM8213MK202204,LJ0,LJ0
4,R4Z,1858,5200022541,JM82E1205004,JM8216MK206909,LJ0,LJ0
4,R4Z,1858,5200022541,JM82E1207941,JM8210MK209868,LJ0,LJ0
4,R4Z,1858,5200022541,JM91E1448087,JM9118MK472584,LK0,LK0A
4,R4Z,1858,5200022541,JM91E1464732,JM9112MK466716,LK0,LK0A
4,R4Z,1858,5200022541,JM91E1466453,JM9110MK466729,LK0,LK0A
4,R4Z,1858,5200022541,JM91E1469718,JM9119MK468561,LKA,LKAA
4,R4Z,1858,5200022541,JM91E1476339,JM9117MK477114,LKA,LKAA
4,R4Z,1858,5200022541,JM91E1480736,JM9110MK481134,LK0,LK0A
4,R4Z,1858,5200022541,KB11E1289604,KB1111MK289927,HD7,HD7
4,R4Z,1858,5200022541,KB22E1007332,KB2219LK007374,HJK,HJK
4,R4Z,1858,5200022541,KB22E1008213,KB2214LK008237,HJK,HJK
4,R4Z,1858,5200022541,KB22E1008751,KB2213LK008892,HJ9,HJ9
4,R4Z,1858,5200022541,KB22E1009760,KB2218LK009827,HJK,HJK
4,R4Z,1858,5200022541,KB22E1009765,KB221XLK009831,HJK,HJK
4,R4Z,1858,5200022541,KC93E1013569,KC9315LK012477,EYE,EYE
4,R4Z,1858,5200022541,KCA2E1097444,KCA21XMK101997,EWD,EWD
4,R4Z,1858,5200022541,KCB1E1002237,KCB112MK002176,JMB,JMB
4,R4Z,1858,5200022541,KF41E2181740,KF4123MK176530,HW4,HW4A
4,R4Z,1858,5200022541,KF41E2188359,KF4123MK184451,HWC,HWCA
4,R4Z,1858,5200022541,KF41E2206130,KF4125MK202027,HW4,HW4A
4,R4Z,1858,5200022541,KF41E2206608,KF4120MK202792,HWC,HWCA
4,R4Z,1858,5200022541,KF41E2208311,KF4127MK204300,HWD,HWDA
4,R4Z,1858,5200022541,KF41E2211144,KF4125MK207051,HW4,HW4A
4,R4Z,1858,5200022541,KF41E2211428,KF4125MK207387,HW4,HW4A
4,R4Z,1858,5200022541,KF41E2211691,KF4127MK207780,HWC,HWCA
4,R4Z,1858,5200022541,KF41E2212261,KF4123MK208148,HWD,HWDA
4,R4Z,1858,5200022541,KF41E2214097,KF4129MK209983,HW4,HW4A
4,R4Z,1858,5200022541,KF41E2215155,KF4128MK211045,HW4,HW4A
4,R4Z,1858,5200022541,KF41E2215939,KF4123MK210823,HWD,HWDA
4,R4Z,1858,5200022541,KF41E2215953,KF412XMK210835,HWD,HWDA
4,R4Z,1858,5200022541,KF51E1060746,KF511XMK062084,LF1,LF1
4,R4Z,1858,5200022541,KF61E1033263,KF611XMK033318,LG1,LG1
4,R4Z,1858,5200022541,KF71E1017789,KF7116MK017705,LR0,LR0
4,R4Z,1858,5200022541,KF71E1022380,KF7115MK022345,LR0,LR0
5,R4Z,1858,5200022541,JBK3E1364466,JBK318MK366193,GD3,GD3
5,R4Z,1858,5200022541,JBP1E1828646,JBP110MK828651,GF4,GF4
5,R4Z,1858,5200022541,JM01E1117065,JM0110MK118070,LN0,LN0
5,R4Z,1858,5200022541,JM01E1142125,JM0116MK143782,LN0,LN0
5,R4Z,1858,5200022541,JM01E1172056,JM0114MK173234,LN0,LN0B
5,R4Z,1858,5200022541,JM01E1179934,JM0113MK182782,LN0,LN0B
5,R4Z,1858,5200022541,JM01E1179936,JM0112MK182787,LN0,LN0B
5,R4Z,1858,5200022541,JM01E1184044,JM0112MK185320,LN0,LN0B
5,R4Z,1858,5200022541,JM01E1184151,JM0113MK185309,LN0,LN0B
5,R4Z,1858,5200022541,JM01E1184291,JM0117MK185457,LN0,LN0B
5,R4Z,1858,5200022541,JM01E1186550,JM011XMK187929,LN0,LN0B
5,R4Z,1858,5200022541,JM01E1186585,JM0115MK187823,LN0,LN0B
5,R4Z,1858,5200022541,JM01E1188385,JM0111MK190346,LN0,LN0B
5,R4Z,1858,5200022541,JM02E1135054,JM0211MK170662,LPA,LPAB
5,R4Z,1858,5200022541,JM02E1161709,JM021XMK161460,LP0,LP0B
5,R4Z,1858,5200022541,JM02E1170698,JM0217MK170665,LPA,LPAB
5,R4Z,1858,5200022541,JM02E1170762,JM0219MK176077,LPA,LPAB
5,R4Z,1858,5200022541,JM02E1175887,JM0214MK175855,LP0,LP0B
5,R4Z,1858,5200022541,JM02E1175901,JM0210MK183516,LP0,LP0B
5,R4Z,1858,5200022541,JM02E1175955,JM0216MK183519,LP0,LP0B
5,R4Z,1858,5200022541,JM02E1182091,JM0218MK181559,LPA,LPAB
5,R4Z,1858,5200022541,JM41E1683018,JM4118MK683819,HY3,HY3A
5,R4Z,1858,5200022541,JM41E1688363,JM411XMK688858,HY3,HY3A
5,R4Z,1858,5200022541,JM41E1689323,JM4119MK690889,HY3,HY3A
5,R4Z,1858,5200022541,JM41E1689488,JM4117MK690860,HY3,HY3A
5,R4Z,1858,5200022541,JM41E1689543,JM4113MK689947,HY3,HY3A
5,R4Z,1858,5200022541,JM41E1690252,JM4117MK690762,HY3,HY3A
5,R4Z,1858,5200022541,JM41E1690971,JM4114MK692176,HY3,HY3A
5,R4Z,1858,5200022541,JM51E1787193,JM5116MK788297,HZ3,HZ3A
5,R4Z,1858,5200022541,JM51E1814118,JM5117MK814678,HZ3,HZ3A
5,R4Z,1858,5200022541,JM51E1814168,JM5110MK814652,HZ3,HZ3A
5,R4Z,1858,5200022541,JM51E1817930,JM5117MK818410,HZ3,HZ3A
5,R4Z,1858,5200022541,JM61E1185342,JM611XMK185391,LD2,LD2
5,R4Z,1858,5200022541,JM61E1186708,JM6110MK186839,LD2,LD2
5,R4Z,1858,5200022541,JM71E1163181,JM7116MK163054,LE1,LE1
5,R4Z,1858,5200022541,JM71E1178633,JM7119MK177868,LE1,LE1
5,R4Z,1858,5200022541,JM71E1178997,JM7111MK179100,LE1,LE1
5,R4Z,1858,5200022541,JM71E1181287,JM711XMK181458,LE1,LE1
5,R4Z,1858,5200022541,JM81E1438777,JM8115MK436670,LH0,LH0A
5,R4Z,1858,5200022541,JM81E1459753,JM8111MK460755,LH0,LH0A
5,R4Z,1858,5200022541,JM81E1503891,JM8111MK502003,LH0,LH0A
5,R4Z,1858,5200022541,JM81E1512062,JM8111MK510389,LH0,LH0A
5,R4Z,1858,5200022541,JM82E1197536,JM821XMK199446,LJ0,LJ0
5,R4Z,1858,5200022541,JM82E1197537,JM8211MK199447,LJ0,LJ0
5,R4Z,1858,5200022541,JM82E1205004,JM8216MK206909,LJ0,LJ0
5,R4Z,1858,5200022541,JM82E1207941,JM8210MK209868,LJ0,LJ0
5,R4Z,1858,5200022541,JM91E1464732,JM9112MK466716,LK0,LK0A
5,R4Z,1858,5200022541,JM91E1466453,JM9110MK466729,LK0,LK0A
5,R4Z,1858,5200022541,JM91E1480736,JM9110MK481134,LK0,LK0A
5,R4Z,1858,5200022541,JM91E1500349,JM9111MK498590,LKA,LKAA
5,R4Z,1858,5200022541,JM91E1512246,JM9111MK512522,LKA,LKAA
5,R4Z,1858,5200022541,JM91E1516262,JM9114MK516547,LK0,LK0A
5,R4Z,1858,5200022541,JM91E1519688,JM9119MK519945,LKA,LKAA
5,R4Z,1858,5200022541,JM91E1519695,JM9119MK519962,LKA,LKAA
5,R4Z,1858,5200022541,KB11E1289604,KB1111MK289927,HD7,HD7
5,R4Z,1858,5200022541,KCB1E1007789,KCB115MK007744,JMB,JMB
5,R4Z,1858,5200022541,KD11E1204408,KD1119MK205122,ES4,ES4
5,R4Z,1858,5200022541,KF41E2208311,KF4127MK204300,HWD,HWDA
5,R4Z,1858,5200022541,KF41E2212261,KF4123MK208148,HWD,HWDA
5,R4Z,1858,5200022541,KF41E2215953,KF412XMK210835,HWD,HWDA
5,R4Z,1858,5200022541,KF41E2217319,KF4129MK213211,HWD,HWDA
5,R4Z,1858,5200022541,KF41E2229042,KF4127MK224935,HW4,HW4A
5,R4Z,1858,5200022541,KF41E2232520,KF4126MK227812,HW4,HW4A
5,R4Z,1858,5200022541,KF41E2232857,KF4128MK228735,HW4,HW4A
5,R4Z,1858,5200022541,KF41E2238423,KF4122MK234319,HW4,HW4A
5,R4Z,1858,5200022541,KF61E1033263,KF611XMK033318,LG1,LG1
5,R4Z,1858,5200022541,KF61E1036857,KF6111MK036883,LGC,LGC
5,R4Z,1858,5200022541,KF71E1046875,KF7116MK046864,LR0,LR0
6,R4Z,1858,5200022541,JBK1E1768476,JBK118MK772672,GB3,GB3
6,R4Z,1858,5200022541,JBK3E1368896,JBK312MK370577,GD3,GD3
6,R4Z,1858,5200022541,JM01E1117065,JM0110MK118070,LN0,LN0
6,R4Z,1858,5200022541,JM01E1142125,JM0116MK143782,LN0,LN0
6,R4Z,1858,5200022541,JM01E1179934,JM0113MK182782,LN0,LN0B
6,R4Z,1858,5200022541,JM01E1184044,JM0112MK185320,LN0,LN0B
6,R4Z,1858,5200022541,JM01E1184291,JM0117MK185457,LN0,LN0B
6,R4Z,1858,5200022541,JM01E1186550,JM011XMK187929,LN0,LN0B
6,R4Z,1858,5200022541,JM01E1213231,JM011XMK214403,LNA,LNAB
6,R4Z,1858,5200022541,JM01E1213247,JM0117MK214407,LNA,LNAB
6,R4Z,1858,5200022541,JM01E1228446,JM011XMK228382,LN0,LN0B
6,R4Z,1858,5200022541,JM01E1229363,JM0115MK229309,LN0,LN0B
6,R4Z,1858,5200022541,JM01E1238054,JM0113MK239143,LNA,LNAB
6,R4Z,1858,5200022541,JM02E1212684,JM021XMK213881,LPA,LPAB
6,R4Z,1858,5200022541,JM02E1212888,JM0219MK213869,LPA,LPAB
6,R4Z,1858,5200022541,JM02E1214680,JM0217MK215815,LPA,LPAB
6,R4Z,1858,5200022541,JM02E1216115,JM0211MK217589,LPA,LPAB
6,R4Z,1858,5200022541,JM41E1683018,JM4118MK683819,HY3,HY3A
6,R4Z,1858,5200022541,JM41E1689488,JM4117MK690860,HY3,HY3A
6,R4Z,1858,5200022541,JM41E1689543,JM4113MK689947,HY3,HY3A
6,R4Z,1858,5200022541,JM41E1690252,JM4117MK690762,HY3,HY3A
6,R4Z,1858,5200022541,JM41E1690971,JM4114MK692176,HY3,HY3A
6,R4Z,1858,5200022541,JM51E1832965,JM5111MK833789,HZ4,HZ4A
6,R4Z,1858,5200022541,JM51E1833872,JM511XMK834469,HZ4,HZ4A
6,R4Z,1858,5200022541,JM81E1438777,JM8115MK436670,LH0,LH0A
6,R4Z,1858,5200022541,JM81E1459753,JM8111MK460755,LH0,LH0A
6,R4Z,1858,5200022541,JM81E1510326,JM8110MK510688,LH0,LH0A
6,R4Z,1858,5200022541,JM81E1511625,JM8110MK509850,LH0,LH0A
6,R4Z,1858,5200022541,JM82E1197536,JM821XMK199446,LJ0,LJ0
6,R4Z,1858,5200022541,JM82E1197537,JM8211MK199447,LJ0,LJ0
6,R4Z,1858,5200022541,JM82E1205004,JM8216MK206909,LJ0,LJ0
6,R4Z,1858,5200022541,JM82E1207941,JM8210MK209868,LJ0,LJ0
6,R4Z,1858,5200022541,JM91E1480736,JM9110MK481134,LK0,LK0A
6,R4Z,1858,5200022541,JM91E1516262,JM9114MK516547,LK0,LK0A
6,R4Z,1858,5200022541,JM91E1519695,JM9119MK519962,LKA,LKAA
6,R4Z,1858,5200022541,JM91E1528641,JM9112MK529040,LK0,LK0A
6,R4Z,1858,5200022541,JM91E1534980,JM9113MK535221,LKA,LKAA
6,R4Z,1858,5200022541,JM91E1534981,JM9115MK535222,LKA,LKAA
6,R4Z,1858,5200022541,JM91E1552192,JM9110MK552557,LKA,LKAA
6,R4Z,1858,5200022541,JM91E1552194,JM911XMK552419,LKA,LKAA
6,R4Z,1858,5200022541,JM91E1552206,JM9115MK552571,LKA,LKAA
6,R4Z,1858,5200022541,JM91E1552235,JM9115MK552585,LKA,LKAA
6,R4Z,1858,5200022541,JM91E1552248,JM9119MK552413,LKA,LKAA
6,R4Z,1858,5200022541,JM91E1555107,JM9119MK555604,LKA,LKAA
6,R4Z,1858,5200022541,JM91E1562940,JM9114MK563433,LK0,LK0A
6,R4Z,1858,5200022541,JM91E1568614,JM9114MK569121,LKA,LKAA
6,R4Z,1858,5200022541,JM91E1572789,JM9114MK573301,LKA,LKAA
6,R4Z,1858,5200022541,JM91E1572833,JM9115MK573355,LKA,LKAA
6,R4Z,1858,5200022541,JM91E1579912,JM9116MK571842,LK0,LK0A
6,R4Z,1858,5200022541,KB11E1289604,KB1111MK289927,HD7,HD7
6,R4Z,1858,5200022541,KB22E1019946,KB221XMK019969,HJK,HJK
6,R4Z,1858,5200022541,KB22E1020456,KB2210MK020483,HJ9,HJ9
6,R4Z,1858,5200022541,KF41E2212261,KF4123MK208148,HWD,HWDA
6,R4Z,1858,5200022541,KF41E2229042,KF4127MK224935,HW4,HW4A
6,R4Z,1858,5200022541,KF41E2238423,KF4122MK234319,HW4,HW4A
6,R4Z,1858,5200022541,KF41E2252535,KF4120MK248509,HW4,HW4A
6,R4Z,1858,5200022541,KF41E2254139,KF4120MK250146,HW4,HW4A
6,R4Z,1858,5200022541,KF41E2264766,KF4125MK259148,HWD,HWDA
6,R4Z,1858,5200022541,KF41E2269906,KF4127MK265792,HWD,HWDA
6,R4Z,1858,5200022541,KF41E2269960,KF4126MK265850,HWD,HWDA
6,R4Z,1858,5200022541,KF51E1064982,KF5114MK066275,LFE,LFE
6,R4Z,1858,5200022541,KF51E1066160,KF5115MK067287,LF1,LF1
6,R4Z,1858,5200022541,KF51E1066309,KF5111MK067626,LF1,LF1
6,R4Z,1858,5200022541,KF61E1033263,KF611XMK033318,LG1,LG1
6,R4Z,1858,5200022541,KF61E1036857,KF6111MK036883,LGC,LGC
6,R4Z,1858,5200022541,KF81E1020566,KF8116MK020528,LS0,LS0
7,R4Z,1858,5200022541,JBK1E1773030,JBK117MK777085,GB3,GB3
7,R4Z,1858,5200022541,JBK3E1373761,JBK31XMK375686,GD3,GD3
7,R4Z,1858,5200022541,JBP1E1838476,JBP118MK838604,GF4,GF4
7,R4Z,1858,5200022541,JM41E1683018,JM4118MK683819,HY3,HY3A
7,R4Z,1858,5200022541,JM41E1689488,JM4117MK690860,HY3,HY3A
7,R4Z,1858,5200022541,JM41E1690971,JM4114MK692176,HY3,HY3A
7,R4Z,1858,5200022541,JM81E1438777,JM8115MK436670,LH0,LH0A
7,R4Z,1858,5200022541,JM81E1582235,JM8119MK580500,LH0,LH0A
7,R4Z,1858,5200022541,JM81E1582244,JM8119MK580397,LH0,LH0A
7,R4Z,1858,5200022541,JM81E1582296,JM8116MK580454,LH0,LH0A
7,R4Z,1858,5200022541,JM81E1595260,JM8113MK593954,LH0,LH0A
7,R4Z,1858,5200022541,JM81E1595310,JM8112MK593928,LH0,LH0A
7,R4Z,1858,5200022541,JM81E1595948,JM8110MK594270,LH0,LH0A
7,R4Z,1858,5200022541,JM82E1197536,JM821XMK199446,LJ0,LJ0
7,R4Z,1858,5200022541,JM82E1266321,JM8217MK268223,LJ0,LJ0
7,R4Z,1858,5200022541,JM82E1268865,JM8215MK270763,LJ0,LJ0
7,R4Z,1858,5200022541,JM82E1269943,JM8210MK271903,LJ0,LJ0
7,R4Z,1858,5200022541,JM91E1480736,JM9110MK481134,LK0,LK0A
7,R4Z,1858,5200022541,JM91E1528641,JM9112MK529040,LK0,LK0A
7,R4Z,1858,5200022541,JM91E1534981,JM9115MK535222,LKA,LKAA
7,R4Z,1858,5200022541,JM91E1555107,JM9119MK555604,LKA,LKAA
7,R4Z,1858,5200022541,JM91E1608058,JM9114MK608449,LK0,LK0A
7,R4Z,1858,5200022541,JM91E1614094,JM911XMK614403,LK0,LK0A
7,R4Z,1858,5200022541,JM91E1634378,JM9118MK634567,LKA,LKAA
7,R4Z,1858,5200022541,JM91E1634509,JM9110MK634899,LK0,LK0A
7,R4Z,1858,5200022541,JM91E1636233,JM911XMK634621,LKA,LKAA
7,R4Z,1858,5200022541,JM91E1639916,JM9111MK640307,LK0,LK0A
7,R4Z,1858,5200022541,JM91E1642662,JM9115MK643050,LK0,LK0A
7,R4Z,1858,5200022541,KB11E1289604,KB1111MK289927,HD7,HD7
7,R4Z,1858,5200022541,KB22E1019946,KB221XMK019969,HJK,HJK
7,R4Z,1858,5200022541,KCB1E1009995,KCB117MK009950,JMC,JMC
7,R4Z,1858,5200022541,KCD2E1001285,KCD219MK001312,JS0,JS0
7,R4Z,1858,5200022541,KF41E2212261,KF4123MK208148,HWD,HWDA
7,R4Z,1858,5200022541,KF41E2254139,KF4120MK250146,HW4,HW4A
7,R4Z,1858,5200022541,KF41E2269268,KF412XMK265222,HW4,HW4A
7,R4Z,1858,5200022541,KF41E2291145,KF4121MK287030,HW4,HW4A
7,R4Z,1858,5200022541,KF41E2299545,KF4122MK295430,HW4,HW4A
7,R4Z,1858,5200022541,KF51E1064982,KF5114MK066275,LFE,LFE
7,R4Z,1858,5200022541,KF51E1066309,KF5111MK067626,LF1,LF1
7,R4Z,1858,5200022541,KF61E1037302,KF6114MK037364,LGC,LGC
7,R4Z,1858,5200022541,KF61E1037310,KF6117MK037374,LGC,LGC
7,R4Z,1858,5200022541,KF71E1078519,KF711XMK078586,LR0,LR0
8,R4Z,1858,5200022541,JM41E1689488,JM4117MK690860,HY3,HY3A
8,R4Z,1858,5200022541,JM41E1690971,JM4114MK692176,HY3,HY3A
8,R4Z,1858,5200022541,JM51E1870892,JM5118MK871407,HZ4,HZ4A
8,R4Z,1858,5200022541,JM81E1438777,JM8115MK436670,LH0,LH0A
8,R4Z,1858,5200022541,JM81E1582235,JM8119MK580500,LH0,LH0A
8,R4Z,1858,5200022541,JM81E1595260,JM8113MK593954,LH0,LH0A
8,R4Z,1858,5200022541,JM81E1595310,JM8112MK593928,LH0,LH0A
8,R4Z,1858,5200022541,JM81E1614745,JM8115MK612746,LH0,LH0A
8,R4Z,1858,5200022541,JM81E1632766,JM8111MK630631,LH0,LH0A
8,R4Z,1858,5200022541,JM81E1634904,JM8115MK630759,LH0,LH0A
8,R4Z,1858,5200022541,JM81E1640406,JM8113MK638312,LH0,LH0A
8,R4Z,1858,5200022541,JM81E1640423,JM8117MK638328,LH0,LH0A
8,R4Z,1858,5200022541,JM81E1658009,JM811XMK653566,LH1,LH1A
8,R4Z,1858,5200022541,JM82E1197536,JM821XMK199446,LJ0,LJ0
8,R4Z,1858,5200022541,JM82E1269943,JM8210MK271903,LJ0,LJ0
8,R4Z,1858,5200022541,JM82E1284804,JM8214MK286727,LJ0,LJ0
8,R4Z,1858,5200022541,JM82E1296408,JM821XMK301098,LJ1,LJ1
8,R4Z,1858,5200022541,JM91E1480736,JM9110MK481134,LK0,LK0A
8,R4Z,1858,5200022541,JM91E1528641,JM9112MK529040,LK0,LK0A
8,R4Z,1858,5200022541,JM91E1534981,JM9115MK535222,LKA,LKAA
8,R4Z,1858,5200022541,JM91E1608058,JM9114MK608449,LK0,LK0A
8,R4Z,1858,5200022541,JM91E1638138,JM9111MK640632,LKA,LKAA
8,R4Z,1858,5200022541,JM91E1639152,JM9111MK639416,LKA,LKAA
8,R4Z,1858,5200022541,JM91E1639916,JM9111MK640307,LK0,LK0A
8,R4Z,1858,5200022541,JM91E1644710,JM9115MK643968,LKA,LKAA
8,R4Z,1858,5200022541,JM91E1644711,JM9117MK643969,LKA,LKAA
8,R4Z,1858,5200022541,JM91E1644712,JM9113MK643970,LKA,LKAA
8,R4Z,1858,5200022541,JM91E1644713,JM9117MK643972,LKA,LKAA
8,R4Z,1858,5200022541,JM91E1644725,JM9115MK643985,LKA,LKAA
8,R4Z,1858,5200022541,JM91E1653030,JM9116MK654395,LKA,LKAA
8,R4Z,1858,5200022541,JM91E1676949,JM9119MK677184,LKC,LKCA
8,R4Z,1858,5200022541,KB11E1289604,KB1111MK289927,HD7,HD7
8,R4Z,1858,5200022541,KB22E1019946,KB221XMK019969,HJK,HJK
8,R4Z,1858,5200022541,KCB1E1009995,KCB117MK009950,JMC,JMC
8,R4Z,1858,5200022541,KCD2E1001285,KCD219MK001312,JS0,JS0
8,R4Z,1858,5200022541,KF41E2269268,KF412XMK265222,HW4,HW4A
8,R4Z,1858,5200022541,KF41E2308209,KF412XMK304195,HW4,HW4A
8,R4Z,1858,5200022541,KF41E2311971,KF4124MK307173,HW4,HW4A
8,R4Z,1858,5200022541,KF41E2314792,KF4127MK310665,HWD,HWDA
8,R4Z,1858,5200022541,KF41E2316915,KF4122MK312873,HW4,HW4A
8,R4Z,1858,5200022541,KF41E2316992,KF4127MK312867,HW4,HW4A
8,R4Z,1858,5200022541,KF41E2317124,KF4126MK313007,HW4,HW4A
8,R4Z,1858,5200022541,KF41E2331756,KF4128MK327698,HWD,HWDA
8,R4Z,1858,5200022541,KF41E2333245,KF4121MK329230,HW4,HW4A
8,R4Z,1858,5200022541,KF51E1064982,KF5114MK066275,LFE,LFE
8,R4Z,1858,5200022541,KF61E1037302,KF6114MK037364,LGC,LGC
8,R4Z,1858,5200022541,KF61E1037310,KF6117MK037374,LGC,LGC
9,R4Z,1858,5200022541,JBP1E1844792,JBP118MK844791,GF4,GF4
9,R4Z,1858,5200022541,JM41E1690971,JM4114MK692176,HY3,HY3A
9,R4Z,1858,5200022541,JM41E1754935,JM411XMK754339,HY4,HY4A
9,R4Z,1858,5200022541,JM41E1756427,JM4117MK757022,HY4,HY4A
9,R4Z,1858,5200022541,JM51E1884329,JM511XMK887334,HZ4,HZ4A
9,R4Z,1858,5200022541,JM81E1438777,JM8115MK436670,LH0,LH0A
9,R4Z,1858,5200022541,JM81E1582235,JM8119MK580500,LH0,LH0A
9,R4Z,1858,5200022541,JM81E1595310,JM8112MK593928,LH0,LH0A
9,R4Z,1858,5200022541,JM81E1614745,JM8115MK612746,LH0,LH0A
9,R4Z,1858,5200022541,JM81E1632766,JM8111MK630631,LH0,LH0A
9,R4Z,1858,5200022541,JM81E1649968,JM8113MK646815,LH1,LH1A
9,R4Z,1858,5200022541,JM81E1658050,JM811XMK653518,LH1,LH1A
9,R4Z,1858,5200022541,JM81E1669178,JM8116MK665648,LH1,LH1A
9,R4Z,1858,5200022541,JM81E1669277,JM8118MK667966,LH1,LH1A
9,R4Z,1858,5200022541,JM82E1269943,JM8210MK271903,LJ0,LJ0
9,R4Z,1858,5200022541,JM82E1296408,JM821XMK301098,LJ1,LJ1
9,R4Z,1858,5200022541,JM82E1303761,JM8210MK305760,LJ1,LJ1
9,R4Z,1858,5200022541,JM82E1303798,JM8215MK305799,LJ1,LJ1
9,R4Z,1858,5200022541,JM82E1303864,JM8210MK305869,LJ1,LJ1
9,R4Z,1858,5200022541,JM91E1480736,JM9110MK481134,LK0,LK0A
9,R4Z,1858,5200022541,JM91E1528641,JM9112MK529040,LK0,LK0A
9,R4Z,1858,5200022541,JM91E1534981,JM9115MK535222,LKA,LKAA
9,R4Z,1858,5200022541,JM91E1608058,JM9114MK608449,LK0,LK0A
9,R4Z,1858,5200022541,JM91E1638138,JM9111MK640632,LKA,LKAA
9,R4Z,1858,5200022541,JM91E1639916,JM9111MK640307,LK0,LK0A
9,R4Z,1858,5200022541,JM91E1644710,JM9115MK643968,LKA,LKAA
9,R4Z,1858,5200022541,JM91E1644711,JM9117MK643969,LKA,LKAA
9,R4Z,1858,5200022541,JM91E1644712,JM9113MK643970,LKA,LKAA
9,R4Z,1858,5200022541,JM91E1644713,JM9117MK643972,LKA,LKAA
9,R4Z,1858,5200022541,JM91E1644725,JM9115MK643985,LKA,LKAA
9,R4Z,1858,5200022541,JM91E1653030,JM9116MK654395,LKA,LKAA
9,R4Z,1858,5200022541,JM91E1676001,JM9118MK676351,LK1,LK1A
9,R4Z,1858,5200022541,JM91E1676949,JM9119MK677184,LKC,LKCA
9,R4Z,1858,5200022541,JM91E1696417,JM9118MK696812,LKC,LKCA
9,R4Z,1858,5200022541,KB11E1289604,KB1111MK289927,HD7,HD7
9,R4Z,1858,5200022541,KCB1E1013022,KCB116MK012984,JMB,JMB
9,R4Z,1858,5200022541,KCD2E1001285,KCD219MK001312,JS0,JS0
9,R4Z,1858,5200022541,KF41E2269268,KF412XMK265222,HW4,HW4A
9,R4Z,1858,5200022541,KF41E2314792,KF4127MK310665,HWD,HWDA
9,R4Z,1858,5200022541,KF41E2336342,KF4122MK331231,HWD,HWDA
9,R4Z,1858,5200022541,KF41E2339277,KF4129MK335471,HWC,HWCA
9,R4Z,1858,5200022541,KF41E2340219,KF4126MK336111,HW4,HW4A
9,R4Z,1858,5200022541,KF41E2340254,KF4125MK336200,HW4,HW4A
9,R4Z,1858,5200022541,KF41E2340975,KF4122MK336901,HWD,HWDA
9,R4Z,1858,5200022541,KF41E2340995,KF4121MK335979,HWD,HWDA
9,R4Z,1858,5200022541,KF41E2341785,KF4129MK337964,HWC,HWCA
9,R4Z,1858,5200022541,KF41E2341875,KF4124MK338861,HWC,HWCA
9,R4Z,1858,5200022541,KF41E2342226,KF4125MK338108,HWD,HWDA
9,R4Z,1858,5200022541,KF41E2342265,KF4123MK338141,HWD,HWDA
9,R4Z,1858,5200022541,KF51E1064982,KF5114MK066275,LFE,LFE
9,R4Z,1858,5200022541,KF61E1037302,KF6114MK037364,LGC,LGC
9,R4Z,1858,5200022541,KF61E1037310,KF6117MK037374,LGC,LGC
10,R4Z,1858,5200022541,JM01E1314840,JM0119MK320082,LNA,LNAB
10,R4Z,1858,5200022541,JM01E1324671,JM0115MK325604,LN0,LN0B
10,R4Z,1858,5200022541,JM01E1324990,JM0113MK327108,LN0,LN0B
10,R4Z,1858,5200022541,JM01E1325954,JM011XMK326960,LNA,LNAB
10,R4Z,1858,5200022541,JM01E1333727,JM0113MK334723,LNA,LNAB
10,R4Z,1858,5200022541,JM01E1334883,JM0115MK335629,LN0,LN0B
10,R4Z,1858,5200022541,JM01E1341589,JM011XMK337926,LNA,LNAB
10,R4Z,1858,5200022541,JM01E1341672,JM0117MK342906,LNA,LNAB
10,R4Z,1858,5200022541,JM02E1387534,JM0217MK387410,LPA,LPAB
10,R4Z,1858,5200022541,JM41E1765603,JM4118MK766280,HY4,HY4A
10,R4Z,1858,5200022541,JM41E1765956,JM4119MK766157,HY4,HY4A
10,R4Z,1858,5200022541,JM51E1884329,JM511XMK887334,HZ4,HZ4A
10,R4Z,1858,5200022541,JM51E1903005,JM5116MK904002,HZ4,HZ4A
10,R4Z,1858,5200022541,JM51E1915686,JM5113MK916561,HZ4,HZ4A
10,R4Z,1858,5200022541,JM71E1193007,JM7113MK188378,LE1,LE1
10,R4Z,1858,5200022541,JM71E1193242,JM7112MK193412,LE1,LE1
10,R4Z,1858,5200022541,JM81E1582235,JM8119MK580500,LH0,LH0A
10,R4Z,1858,5200022541,JM81E1632766,JM8111MK630631,LH0,LH0A
10,R4Z,1858,5200022541,JM81E1658050,JM811XMK653518,LH1,LH1A
10,R4Z,1858,5200022541,JM82E1269943,JM8210MK271903,LJ0,LJ0
10,R4Z,1858,5200022541,JM82E1303292,JM821XMK305183,LJ1,LJ1
10,R4Z,1858,5200022541,JM82E1318981,JM8213MK320866,LJ1,LJ1
10,R4Z,1858,5200022541,JM82E1319623,JM8219MK322119,LJ1,LJ1
10,R4Z,1858,5200022541,JM82E1323436,JM8218MK325724,LJ1,LJ1
10,R4Z,1858,5200022541,JM82E1328641,JM8211MK330540,LJ1,LJ1
10,R4Z,1858,5200022541,JM82E1328763,JM8215MK330668,LJ1,LJ1
10,R4Z,1858,5200022541,JM91E1528641,JM9112MK529040,LK0,LK0A
10,R4Z,1858,5200022541,JM91E1608058,JM9114MK608449,LK0,LK0A
10,R4Z,1858,5200022541,JM91E1638138,JM9111MK640632,LKA,LKAA
10,R4Z,1858,5200022541,JM91E1639916,JM9111MK640307,LK0,LK0A
10,R4Z,1858,5200022541,JM91E1676001,JM9118MK676351,LK1,LK1A
10,R4Z,1858,5200022541,JM91E1743837,JM9114MK744693,LK1,LK1A
10,R4Z,1858,5200022541,JM91E1743838,JM9112MK744692,LK1,LK1A
10,R4Z,1858,5200022541,JM91E1762044,JM9110MK762558,LK1,LK1A
10,R4Z,1858,5200022541,JM91E1775510,JM9115MK775872,LK1,LK1A
10,R4Z,1858,5200022541,JM91E1820933,JM9114MK821336,LK1,LK1A
10,R4Z,1858,5200022541,JM91E1821584,JM9112MK822033,LK1,LK1A
10,R4Z,1858,5200022541,JM91E1824374,JM9114MK824804,LK1,LK1A
10,R4Z,1858,5200022541,KB11E1289604,KB1111MK289927,HD7,HD7
10,R4Z,1858,5200022541,KB11E1308419,KB111XMK308877,HD7,HD7
10,R4Z,1858,5200022541,KB11E1312915,KB1118MK313284,HDP,HDP
10,R4Z,1858,5200022541,KB11E1312916,KB1116MK313283,HDP,HDP
10,R4Z,1858,5200022541,KB22E1023194,KB2219MK023320,HJK,HJK
10,R4Z,1858,5200022541,KCD2E1005809,KCD216MK005785,JS0,JS0
10,R4Z,1858,5200022541,KCD2E1006359,KCD213MK006330,JS0,JS0
10,R4Z,1858,5200022541,KCD2E1009679,KCD210MK009704,JS0,JS0
10,R4Z,1858,5200022541,KD11E1234994,KD1115MK235718,ES4,ES4
10,R4Z,1858,5200022541,KD11E1241076,KD1115MK241809,ES5,ES5
10,R4Z,1858,5200022541,KF41E2269268,KF412XMK265222,HW4,HW4A
10,R4Z,1858,5200022541,KF41E2336342,KF4122MK331231,HWD,HWDA
10,R4Z,1858,5200022541,KF41E2340254,KF4125MK336200,HW4,HW4A
10,R4Z,1858,5200022541,KF41E2340995,KF4121MK335979,HWD,HWDA
10,R4Z,1858,5200022541,KF41E2342265,KF4123MK338141,HWD,HWDA
10,R4Z,1858,5200022541,KF41E2357415,KF4123MK352573,HWD,HWDA
10,R4Z,1858,5200022541,KF41E2362938,KF4125MK358925,HW4,HW4A
10,R4Z,1858,5200022541,KF41E2374703,KF4129MK370723,HW4,HW4A
10,R4Z,1858,5200022541,KF41E2374846,KF4129MK370818,HW4,HW4A
10,R4Z,1858,5200022541,KF41E2380033,KF4125MK376003,HW4,HW4A
10,R4Z,1858,5200022541,KF41E2380578,KF412XMK376675,HWC,HWCA
10,R4Z,1858,5200022541,KF41E2384857,KF4124MK379748,HWD,HWDA
10,R4Z,1858,5200022541,KF41E2385419,KF4122MK381496,HW4,HW4A
10,R4Z,1858,5200022541,KF41E2385936,KF4122MK382020,HWC,HWCA
10,R4Z,1858,5200022541,KF41E2385963,KF4129MK382046,HWC,HWCA
10,R4Z,1858,5200022541,KF41E2389407,KF4125MK385302,HWD,HWDA
10,R4Z,1858,5200022541,KF51E1072976,KF5113MK074285,LF1,LF1
10,R4Z,1858,5200022541,KF51E1073974,KF5115MK075292,LFE,LFE
10,R4Z,1858,5200022541,KF61E1037310,KF6117MK037374,LGC,LGC
11,R4Z,1858,5200022541,JM01E1325954,JM011XMK326960,LNA,LNAB
11,R4Z,1858,5200022541,JM01E1343204,JM0114MK344354,LNA,LNAB
11,R4Z,1858,5200022541,JM01E1374986,JM0110MK376959,LN0,LN0B
11,R4Z,1858,5200022541,JM01E1375050,JM0116MK376710,LN0,LN0B
11,R4Z,1858,5200022541,JM01E1375052,JM0111MK376890,LN0,LN0B
11,R4Z,1858,5200022541,JM01E1375110,JM0118MK376739,LN0,LN0B
11,R4Z,1858,5200022541,JM02E1444634,JM0210MK444496,LPA,LPAB
11,R4Z,1858,5200022541,JM41E1765956,JM4119MK766157,HY4,HY4A
11,R4Z,1858,5200022541,JM51E1884329,JM511XMK887334,HZ4,HZ4A
11,R4Z,1858,5200022541,JM61E1203105,JM611XMK203193,LD2,LD2
11,R4Z,1858,5200022541,JM61E1203595,JM6112MK203754,LD2,LD2
11,R4Z,1858,5200022541,JM61E1203846,JM6113MK203682,LD2,LD2
11,R4Z,1858,5200022541,JM71E1196438,JM7115MK195445,LE1,LE1
11,R4Z,1858,5200022541,JM81E1582235,JM8119MK580500,LH0,LH0A
11,R4Z,1858,5200022541,JM82E1269943,JM8210MK271903,LJ0,LJ0
11,R4Z,1858,5200022541,JM82E1370609,JM8214MK372507,LJ1,LJ1
11,R4Z,1858,5200022541,JM82E1370660,JM8211MK372562,LJ1,LJ1
11,R4Z,1858,5200022541,JM91E1608058,JM9114MK608449,LK0,LK0A
11,R4Z,1858,5200022541,JM91E1743837,JM9114MK744693,LK1,LK1A
11,R4Z,1858,5200022541,JM91E1743838,JM9112MK744692,LK1,LK1A
11,R4Z,1858,5200022541,JM91E1820933,JM9114MK821336,LK1,LK1A
11,R4Z,1858,5200022541,KB11E1289604,KB1111MK289927,HD7,HD7
11,R4Z,1858,5200022541,KB11E1308419,KB111XMK308877,HD7,HD7
11,R4Z,1858,5200022541,KB11E1312915,KB1118MK313284,HDP,HDP
11,R4Z,1858,5200022541,KB11E1312916,KB1116MK313283,HDP,HDP
11,R4Z,1858,5200022541,KB22E1023194,KB2219MK023320,HJK,HJK
11,R4Z,1858,5200022541,KCD2E1005809,KCD216MK005785,JS0,JS0
11,R4Z,1858,5200022541,KCD2E1006359,KCD213MK006330,JS0,JS0
11,R4Z,1858,5200022541,KCD2E1009679,KCD210MK009704,JS0,JS0
11,R4Z,1858,5200022541,KF41E2269268,KF412XMK265222,HW4,HW4A
11,R4Z,1858,5200022541,KF41E2336342,KF4122MK331231,HWD,HWDA
11,R4Z,1858,5200022541,KF41E2340995,KF4121MK335979,HWD,HWDA
11,R4Z,1858,5200022541,KF41E2374703,KF4129MK370723,HW4,HW4A
11,R4Z,1858,5200022541,KF41E2380033,KF4125MK376003,HW4,HW4A
11,R4Z,1858,5200022541,KF41E2385419,KF4122MK381496,HW4,HW4A
11,R4Z,1858,5200022541,KF51E1072976,KF5113MK074285,LF1,LF1
11,R4Z,1858,5200022541,KF51E1073974,KF5115MK075292,LFE,LFE
11,R4Z,1858,5200022541,KF61E1037310,KF6117MK037374,LGC,LGC
11,R4Z,1858,5200022541,KF71E1133469,KF7111MK134026,LR0,LR0
11,R4Z,1858,5200022541,KF71E1140636,KF7115MK140864,LR0,LR0
11,R4Z,1858,5200022541,KF71E1140876,KF7114MK140774,LR0,LR0
11,R4Z,1858,5200022541,KF71E1142635,KF7114MK142864,LR0,LR0
11,R4Z,1858,5200022541,KF71E1143286,KF7117MK143202,LR0,LR0
12,R4Z,1858,5200022541,JM01E1325954,JM011XMK326960,LNA,LNAB
12,R4Z,1858,5200022541,JM01E1400055,JM0115MK400799,LN0,LN0B
12,R4Z,1858,5200022541,JM01E1403658,JM0117MK405101,LN0,LN0B
12,R4Z,1858,5200022541,JM01E1405198,JM0119MK406038,LNA,LNAB
12,R4Z,1858,5200022541,JM01E1408387,JM0113MK409212,LN0,LN0B
12,R4Z,1858,5200022541,JM01E1408423,JM0113MK409226,LN0,LN0B
12,R4Z,1858,5200022541,JM01E1408505,JM0116MK409303,LN0,LN0B
12,R4Z,1858,5200022541,JM01E1408508,JM0114MK409364,LN0,LN0B
12,R4Z,1858,5200022541,JM02E1486142,JM0219MK490425,LPA,LPAB
12,R4Z,1858,5200022541,JM51E1884329,JM511XMK887334,HZ4,HZ4A
12,R4Z,1858,5200022541,JM81E1796404,JM8115MK794321,LH1,LH1A
12,R4Z,1858,5200022541,JM82E1269943,JM8210MK271903,LJ0,LJ0
12,R4Z,1858,5200022541,KB11E1289604,KB1111MK289927,HD7,HD7
12,R4Z,1858,5200022541,KB11E1308419,KB111XMK308877,HD7,HD7
12,R4Z,1858,5200022541,KB11E1312915,KB1118MK313284,HDP,HDP
12,R4Z,1858,5200022541,KB11E1312916,KB1116MK313283,HDP,HDP
12,R4Z,1858,5200022541,KB11E1314442,KB1112MK314799,HDN,HDN
12,R4Z,1858,5200022541,KCD2E1005809,KCD216MK005785,JS0,JS0
12,R4Z,1858,5200022541,KCD2E1006359,KCD213MK006330,JS0,JS0
12,R4Z,1858,5200022541,KCD2E1009679,KCD210MK009704,JS0,JS0
12,R4Z,1858,5200022541,KF41E2336342,KF4122MK331231,HWD,HWDA
12,R4Z,1858,5200022541,KF41E2380033,KF4125MK376003,HW4,HW4A
12,R4Z,1858,5200022541,KF41E2410459,KF4123MK406440,HW4,HW4A
12,R4Z,1858,5200022541,KF71E1157830,KF7116MK157723,LR0,LR0
12,R4Z,1858,5200022541,KF71E1161398,KF711XMK161046,LR0,LR0
